{"cameraMode":{"drawMode":0,"name":"Shaded","section":"Shading Mode"},"sceneLighting":false,"audioPlay":false,"sceneViewState":{"showFog":true,"showMaterialUpdate":true,"showSkybox":true,"showFlares":true,"showImageEffects":true,"showParticleSystems":true},"in2DMode":false,"pivot":{"x":16.794565200805665,"y":13.808137893676758,"z":24.301321029663087},"rotation":{"x":0.21344797313213349,"y":0.718805730342865,"z":-0.25055477023124697,"w":0.6123566031455994},"size":42.57622146606445,"orthographic":true}